price,area,bedrooms,bathrooms,stories,mainroad,guestroom,basement,hotwaterheating,airconditioning,parking,prefarea,furnishingstatus,price_M,price_per_sqft,log_price,log_area,price_segment,premium_score,area_quintile
13300000,7420,4,2,3,1,0,0,0,1,2,1,furnished,13.3,1792.4528301886792,16.40327459319198,8.911934336161426,Eleve,3,Q5
12250000,8960,4,4,4,1,0,0,0,1,3,0,furnished,12.25,1367.1875,16.32103649495501,9.100525505968976,Eleve,2,Q5
12250000,9960,3,2,2,1,0,1,0,0,2,1,semi-furnished,12.25,1229.9196787148594,16.32103649495501,9.206332350578643,Eleve,2,Q5
12215000,7500,4,2,2,1,0,1,0,1,3,1,furnished,12.215,1628.6666666666667,16.31817526267398,8.922658299524402,Eleve,3,Q5
11410000,7420,4,1,2,1,1,1,0,1,2,0,furnished,11.41,1537.7358490566037,16.25000072183826,8.911934336161426,Eleve,3,Q5
10850000,7500,3,3,1,1,0,1,0,1,2,1,semi-furnished,10.85,1446.6666666666667,16.199675637950744,8.922658299524402,Eleve,3,Q5
10150000,8580,4,3,4,1,0,0,0,1,2,1,semi-furnished,10.15,1182.983682983683,16.13298426345207,9.057189192482008,Eleve,3,Q5
10150000,16200,5,3,2,1,0,0,0,0,0,0,unfurnished,10.15,626.5432098765432,16.13298426345207,9.692766521220475,Eleve,1,Q5
9870000,8100,4,1,2,1,1,1,0,1,2,1,furnished,9.87,1218.5185185185185,16.105010411409665,8.99961934066053,Eleve,4,Q5
9800000,5750,3,2,4,1,1,0,0,1,1,1,unfurnished,9.8,1704.3478260869565,16.0978929436408,8.656955133791396,Eleve,4,Q4
9800000,13200,3,1,2,1,0,1,0,1,2,1,furnished,9.8,742.4242424242424,16.0978929436408,9.487972108574462,Eleve,3,Q5
9681000,6000,4,3,2,1,1,1,1,0,2,0,semi-furnished,9.681,1613.5,16.08567575970221,8.699514748210191,Eleve,2,Q4
9310000,6550,4,2,2,1,0,0,0,1,1,1,semi-furnished,9.31,1421.3740458015268,16.04659964925325,8.787220328629298,Eleve,3,Q4
9240000,3500,4,2,2,1,0,0,1,0,2,0,furnished,9.24,2640.0,16.039052443617866,8.160518247477505,Eleve,1,Q2
9240000,7800,3,2,2,1,0,0,0,0,0,1,semi-furnished,9.24,1184.6153846153845,16.039052443617866,8.961879012677683,Eleve,2,Q5
9100000,6000,4,1,2,1,0,1,0,0,2,0,semi-furnished,9.1,1516.6666666666667,16.02378497148708,8.699514748210191,Eleve,1,Q4
9100000,6600,4,2,2,1,1,1,0,1,1,1,unfurnished,9.1,1378.7878787878788,16.02378497148708,8.794824928014517,Eleve,4,Q4
8960000,8500,3,2,4,1,0,0,0,1,2,0,furnished,8.96,1054.1176470588234,16.008280784951115,9.047821442478408,Eleve,2,Q5
8890000,4600,3,2,2,1,1,0,0,1,2,0,furnished,8.89,1932.608695652174,16.00043760749009,8.433811582477187,Eleve,3,Q3
8855000,6420,3,2,2,1,0,0,0,1,1,1,semi-furnished,8.855,1379.2834890965732,15.99649282919907,8.767173396684006,Eleve,3,Q4
8750000,4320,3,1,2,1,0,1,1,0,2,0,semi-furnished,8.75,2025.462962962963,15.984564258333798,8.371010681238156,Eleve,1,Q3
8680000,7155,3,2,1,1,1,1,0,1,2,0,unfurnished,8.68,1213.1376659678547,15.976532086636533,8.875566691990551,Eleve,3,Q5
8645000,8050,3,1,1,1,1,1,0,1,1,0,furnished,8.645,1073.9130434782608,15.972491677099528,8.99342737041261,Eleve,3,Q5
8645000,4560,3,2,2,1,1,1,0,1,1,0,furnished,8.645,1895.8333333333333,15.972491677099528,8.425077902508432,Eleve,3,Q3
8575000,8800,3,2,2,1,0,0,0,1,2,0,furnished,8.575,974.4318181818181,15.964361551016278,9.082507000466299,Eleve,2,Q5
8540000,6540,4,2,2,1,1,1,0,1,2,1,furnished,8.54,1305.8103975535169,15.960271565764753,8.785692444451245,Eleve,4,Q4
8463000,6000,3,2,4,1,1,1,0,1,0,1,semi-furnished,8.463,1410.5,15.951214278652243,8.699514748210191,Eleve,4,Q4
8400000,8875,3,1,1,1,0,0,0,0,1,0,semi-furnished,8.4,946.4788732394367,15.943742263813542,9.090993614343617,Eleve,1,Q5
8400000,7950,5,2,2,1,0,1,1,0,2,0,unfurnished,8.4,1056.6037735849056,15.943742263813542,8.980927207648378,Eleve,1,Q5
8400000,5500,4,2,2,1,0,1,0,1,1,1,semi-furnished,8.4,1527.2727272727273,15.943742263813542,8.612503371220562,Eleve,3,Q4
8400000,7475,3,2,4,1,0,0,0,1,2,0,unfurnished,8.4,1123.7458193979933,15.943742263813542,8.919319398258887,Eleve,2,Q5
8400000,7000,3,1,4,1,0,0,0,1,2,0,semi-furnished,8.4,1200.0,15.943742263813542,8.85366542803745,Eleve,2,Q5
8295000,4880,4,2,2,1,0,0,0,1,1,1,furnished,8.295,1699.795081967213,15.931163481606681,8.492900498847193,Eleve,3,Q3
8190000,5960,3,3,2,1,1,1,0,0,1,0,unfurnished,8.19,1374.1610738255033,15.918424455829252,8.692825760059396,Eleve,2,Q4
8120000,6840,5,1,2,1,1,1,0,1,1,0,furnished,8.12,1187.1345029239767,15.90984071213786,8.830543010616596,Eleve,3,Q5
8080940,7000,3,2,4,1,0,0,0,1,2,0,furnished,8.08094,1154.42,15.90501876036436,8.85366542803745,Eleve,2,Q5
8043000,7482,3,2,3,1,0,0,1,0,1,1,furnished,8.043,1074.979951884523,15.900312705886206,8.920255414908091,Eleve,2,Q5
7980000,9000,4,2,4,1,0,0,0,1,2,0,furnished,7.98,886.6666666666666,15.892448969425992,9.104979856318357,Eleve,2,Q5
7962500,6000,3,1,4,1,1,0,0,1,2,0,unfurnished,7.9625,1327.0833333333333,15.890253578862556,8.699514748210191,Eleve,3,Q4
7910000,6000,4,2,4,1,0,0,0,1,1,0,semi-furnished,7.91,1318.3333333333333,15.883638339743836,8.699514748210191,Eleve,2,Q4
7875000,6550,3,1,2,1,0,1,0,1,0,1,furnished,7.875,1202.2900763358778,15.879203742675971,8.787220328629298,Eleve,3,Q4
7840000,6360,3,2,4,1,0,0,0,1,0,1,furnished,7.84,1232.7044025157234,15.87474939232659,8.757783656334167,Eleve,3,Q4
7700000,6480,3,2,4,1,0,0,0,1,2,0,unfurnished,7.7,1188.2716049382716,15.856730886823913,8.776475789346321,Eleve,2,Q4
7700000,6000,4,2,4,1,0,0,0,0,2,0,semi-furnished,7.7,1283.3333333333333,15.856730886823913,8.699514748210191,Eleve,1,Q4
7560000,6000,4,2,4,1,0,0,0,1,1,0,furnished,7.56,1260.0,15.838381748155715,8.699514748210191,Eleve,2,Q4
7560000,6000,3,2,3,1,0,0,0,1,0,0,semi-furnished,7.56,1260.0,15.838381748155715,8.699514748210191,Eleve,2,Q4
7525000,6000,3,2,4,1,0,0,0,1,1,0,furnished,7.525,1254.1666666666667,15.833741368599213,8.699514748210191,Eleve,2,Q4
7490000,6600,3,1,4,1,0,0,0,1,3,1,furnished,7.49,1134.8484848484848,15.829079355493402,8.794824928014517,Eleve,3,Q4
7455000,4300,3,2,2,1,0,1,0,0,1,0,unfurnished,7.455,1733.7209302325582,15.824395506180975,8.366370301681654,Eleve,1,Q3
7420000,7440,3,2,1,1,1,1,0,1,0,1,semi-furnished,7.42,997.3118279569892,15.819689615143563,8.914626127827137,Eleve,4,Q5
7420000,7440,3,2,4,1,0,0,0,0,1,1,unfurnished,7.42,997.3118279569892,15.819689615143563,8.914626127827137,Eleve,2,Q5
7420000,6325,3,1,4,1,0,0,0,1,1,0,unfurnished,7.42,1173.1225296442688,15.819689615143563,8.752265313595721,Eleve,2,Q4
7350000,6000,4,2,4,1,1,0,0,1,1,0,furnished,7.35,1225.0,15.81021087118902,8.699514748210191,Eleve,3,Q4
7350000,5150,3,2,4,1,0,0,0,1,2,0,semi-furnished,7.35,1427.1844660194174,15.81021087118902,8.546751993657782,Eleve,2,Q3
7350000,6000,3,2,2,1,1,0,0,1,1,0,semi-furnished,7.35,1225.0,15.81021087118902,8.699514748210191,Eleve,3,Q4
7350000,6000,3,1,2,1,0,0,0,1,1,0,unfurnished,7.35,1225.0,15.81021087118902,8.699514748210191,Eleve,2,Q4
7343000,11440,4,1,2,1,0,1,0,0,1,1,semi-furnished,7.343,641.8706293706293,15.809258036433748,9.344871264933788,Eleve,2,Q5
7245000,9000,4,2,4,1,1,0,0,1,1,1,furnished,7.245,805.0,15.79582213373692,9.104979856318357,Eleve,4,Q5
7210000,7680,4,2,4,1,1,0,0,1,1,0,semi-furnished,7.21,938.8020833333334,15.790979509261131,8.946374826141717,Eleve,3,Q5
7210000,6000,3,2,4,1,1,0,0,1,1,0,furnished,7.21,1201.6666666666667,15.790979509261131,8.699514748210191,Eleve,3,Q4
7140000,6000,3,2,2,1,1,0,0,0,1,0,semi-furnished,7.14,1190.0,15.781223334315767,8.699514748210191,Eleve,2,Q4
7070000,8880,2,1,1,1,0,0,0,1,1,0,semi-furnished,7.07,796.1711711711712,15.771371037872756,9.091556835986216,Eleve,2,Q5
7070000,6240,4,2,2,1,0,0,0,1,1,0,furnished,7.07,1133.0128205128206,15.771371037872756,8.738735461363474,Eleve,2,Q4
7035000,6360,4,2,3,1,0,0,0,1,2,1,furnished,7.035,1106.132075471698,15.766408248530626,8.757783656334167,Eleve,3,Q4
7000000,11175,3,1,1,1,0,1,0,1,1,1,furnished,7.0,626.3982102908277,15.761420707019587,9.32143441948177,Eleve,3,Q5
6930000,8880,3,2,2,1,0,1,0,1,1,0,furnished,6.93,780.4054054054054,15.751370371166086,9.091556835986216,Eleve,2,Q5
6930000,13200,2,1,1,1,0,1,1,0,1,0,furnished,6.93,525.0,15.751370371166086,9.487972108574462,Eleve,1,Q5
6895000,7700,3,2,1,1,0,0,0,0,2,0,unfurnished,6.895,895.4545454545455,15.74630706920954,8.948975607841776,Eleve,1,Q5
6860000,6000,3,1,1,1,0,0,0,1,1,0,furnished,6.86,1143.3333333333333,15.741217999702068,8.699514748210191,Eleve,2,Q4
6790000,12090,4,2,2,1,0,0,0,0,2,1,furnished,6.79,561.6211745244003,15.730961499534878,9.400133943608838,Eleve,2,Q5
6790000,4000,3,2,2,1,0,1,0,1,0,1,semi-furnished,6.79,1697.5,15.730961499534878,8.294049640102028,Eleve,3,Q2
6755000,6000,4,2,4,1,0,0,0,1,0,0,unfurnished,6.755,1125.8333333333333,15.725793529376435,8.699514748210191,Eleve,2,Q4
6720000,5020,3,1,4,1,0,0,0,1,0,1,unfurnished,6.72,1338.6454183266933,15.720598712499333,8.521185212685776,Eleve,3,Q3
6685000,6600,2,2,4,1,0,1,0,0,0,1,furnished,6.685,1012.8787878787879,15.71537676851818,8.794824928014517,Eleve,2,Q4
6650000,4040,3,1,2,1,0,1,1,0,1,0,furnished,6.65,1646.039603960396,15.710127412632037,8.303999970955196,Eleve,1,Q2
6650000,4260,4,2,2,1,0,0,1,0,0,0,semi-furnished,6.65,1561.0328638497654,15.710127412632037,8.357024439263416,Eleve,1,Q3
6650000,6420,3,2,3,1,0,0,0,1,0,1,furnished,6.65,1035.8255451713396,15.710127412632037,8.767173396684006,Eleve,3,Q4
6650000,6500,3,2,3,1,0,0,0,1,0,1,furnished,6.65,1023.0769230769231,15.710127412632037,8.779557455883728,Eleve,3,Q4
6650000,5700,3,1,1,1,1,1,0,1,2,1,furnished,6.65,1166.6666666666667,15.710127412632037,8.648221453822641,Eleve,4,Q4
6650000,6000,3,2,3,1,1,0,0,1,0,0,furnished,6.65,1108.3333333333333,15.710127412632037,8.699514748210191,Eleve,3,Q4
6629000,6000,3,1,2,1,0,0,1,0,1,1,semi-furnished,6.629,1104.8333333333333,15.70696452122353,8.699514748210191,Eleve,2,Q4
6615000,4000,3,2,2,1,0,1,0,1,1,0,semi-furnished,6.615,1653.75,15.704850355531192,8.294049640102028,Eleve,2,Q2
6615000,10500,3,2,1,1,0,1,0,1,1,1,furnished,6.615,630.0,15.704850355531192,9.259130536145614,Eleve,3,Q5
6580000,6000,3,2,4,1,0,0,0,1,0,0,semi-furnished,6.58,1096.6666666666667,15.6995453033015,8.699514748210191,Eleve,2,Q4
6510000,3760,3,1,2,1,0,0,1,0,2,0,semi-furnished,6.51,1731.3829787234042,15.688850014184752,8.23217423638394,Eleve,1,Q2
6510000,8250,3,2,3,1,0,0,0,1,0,0,furnished,6.51,789.0909090909091,15.688850014184752,9.017968479328726,Eleve,2,Q5
6510000,6670,3,1,3,1,0,1,0,0,0,1,unfurnished,6.51,976.0119940029984,15.688850014184752,8.80537513890967,Eleve,2,Q5
6475000,3960,3,1,1,1,0,1,0,0,2,0,semi-furnished,6.475,1635.1010101010102,15.683459165549875,8.283999304248526,Eleve,1,Q2
6475000,7410,3,1,1,1,1,1,0,1,2,1,unfurnished,6.475,873.8191632928475,15.683459165549875,8.910585718290132,Eleve,4,Q5
6440000,8580,5,3,2,1,0,0,0,0,2,0,furnished,6.44,750.5827505827506,15.678039098080536,9.057189192482008,Eleve,1,Q5
6440000,5000,3,1,2,1,0,0,0,1,0,0,semi-furnished,6.44,1288.0,15.678039098080536,8.517193191416238,Eleve,2,Q3
6419000,6750,2,1,1,1,1,1,0,0,2,1,furnished,6.419,950.9629629629629,15.674772900293915,8.817297783866575,Eleve,3,Q5
6405000,4800,3,2,4,1,1,0,0,1,0,0,furnished,6.405,1334.375,15.672589493312971,8.476371196895983,Eleve,3,Q3
6300000,7200,3,2,1,1,0,1,0,1,3,0,semi-furnished,6.3,875.0,15.65606019136176,8.881836305004146,Eleve,2,Q5
6300000,6000,4,2,4,1,0,0,0,0,1,0,semi-furnished,6.3,1050.0,15.65606019136176,8.699514748210191,Eleve,1,Q4
6300000,4100,3,2,3,1,0,0,0,1,2,0,semi-furnished,6.3,1536.5853658536585,15.65606019136176,8.318742252692399,Eleve,2,Q3
6300000,9000,3,1,1,1,0,1,0,0,1,1,furnished,6.3,700.0,15.65606019136176,9.104979856318357,Eleve,2,Q5
6300000,6400,3,1,1,1,1,1,0,1,1,1,semi-furnished,6.3,984.375,15.65606019136176,8.764053269347762,Eleve,4,Q4
6293000,6600,3,2,3,1,0,0,0,1,0,1,unfurnished,6.293,953.4848484848485,15.65494846250907,8.794824928014517,Eleve,3,Q4
6265000,6000,4,1,3,1,1,1,0,0,0,1,unfurnished,6.265,1044.1666666666667,15.650489146312307,8.699514748210191,Eleve,3,Q4
6230000,6600,3,2,1,1,0,1,0,1,0,1,unfurnished,6.23,943.939393939394,15.644886890763637,8.794824928014517,Eleve,3,Q4
6230000,5500,3,1,3,1,0,0,0,0,1,1,unfurnished,6.23,1132.7272727272727,15.644886890763637,8.612503371220562,Eleve,2,Q4
6195000,5500,3,2,4,1,1,0,0,1,1,0,semi-furnished,6.195,1126.3636363636363,15.63925307304538,8.612503371220562,Eleve,3,Q4
6195000,6350,3,2,3,1,1,0,0,1,0,0,furnished,6.195,975.5905511811023,15.63925307304538,8.756210091886738,Eleve,3,Q4
6195000,5500,3,2,1,1,1,1,0,0,2,1,furnished,6.195,1126.3636363636363,15.63925307304538,8.612503371220562,Eleve,3,Q4
6160000,4500,3,1,4,1,0,0,0,1,0,0,unfurnished,6.16,1368.888888888889,15.633587335509702,8.411832675758411,Eleve,2,Q3
6160000,5450,4,2,1,1,0,1,0,1,0,1,semi-furnished,6.16,1130.2752293577983,15.633587335509702,8.60337088765729,Eleve,3,Q4
6125000,6420,3,1,3,1,0,1,0,0,0,1,unfurnished,6.125,954.0498442367601,15.627889314395064,8.767173396684006,Eleve,2,Q4
6107500,3240,4,1,3,1,0,0,0,0,1,0,semi-furnished,6.1075,1885.030864197531,15.625028082114033,8.083328608786376,Eleve,1,Q1
6090000,6615,4,2,2,1,1,0,1,0,1,0,semi-furnished,6.09,920.6349206349206,15.622158639686079,8.797095076549056,Eleve,2,Q5
6090000,6600,3,1,1,1,1,1,0,0,2,1,semi-furnished,6.09,922.7272727272727,15.622158639686079,8.794824928014517,Eleve,3,Q4
6090000,8372,3,1,3,1,0,0,0,1,2,0,unfurnished,6.09,727.4247491638796,15.622158639686079,9.03264808356589,Eleve,2,Q5
6083000,4300,6,2,2,1,0,0,0,0,0,0,furnished,6.083,1414.6511627906978,15.621008553302842,8.366370301681654,Eleve,1,Q3
6083000,9620,3,1,1,1,0,1,0,0,2,1,furnished,6.083,632.3284823284823,15.621008553302842,9.171599543659752,Eleve,2,Q5
6020000,6800,2,1,1,1,1,1,0,0,2,0,furnished,6.02,885.2941176470588,15.610597817285004,8.824677891164198,Eleve,2,Q5
6020000,8000,3,1,1,1,1,1,0,1,2,1,semi-furnished,6.02,752.5,15.610597817285004,8.987196820661973,Eleve,4,Q5
6020000,6900,3,2,1,1,1,1,0,0,0,1,unfurnished,6.02,872.463768115942,15.610597817285004,8.83927669058535,Eleve,3,Q5
5950000,3700,4,1,2,1,1,0,0,1,0,0,furnished,5.95,1608.1081081081081,15.598901777521812,8.216088098632316,Eleve,3,Q2
5950000,6420,3,1,1,1,0,1,0,1,0,1,furnished,5.95,926.791277258567,15.598901777521812,8.767173396684006,Eleve,3,Q4
5950000,7020,3,1,1,1,0,1,0,1,2,1,semi-furnished,5.95,847.5783475783476,15.598901777521812,8.856518497019858,Eleve,3,Q5
5950000,6540,3,1,1,1,1,1,0,0,2,1,furnished,5.95,909.7859327217126,15.598901777521812,8.785692444451245,Eleve,3,Q4
5950000,7231,3,1,2,1,1,1,0,1,0,1,semi-furnished,5.95,822.8460793804453,15.598901777521812,8.886132618174951,Eleve,4,Q5
5950000,6254,4,2,1,1,0,1,0,0,1,1,semi-furnished,5.95,951.3911096897986,15.598901777521812,8.740976538017787,Eleve,2,Q4
5950000,7320,4,2,2,1,0,0,0,0,0,0,furnished,5.95,812.8415300546449,15.598901777521812,8.898365606955357,Eleve,1,Q5
5950000,6525,3,2,4,1,0,0,0,0,1,0,furnished,5.95,911.8773946360153,15.598901777521812,8.783396232190894,Eleve,1,Q4
5943000,15600,3,1,1,1,0,0,0,1,2,0,semi-furnished,5.943,380.96153846153845,15.597724614348797,9.655026193237628,Eleve,2,Q5
5880000,7160,3,1,1,1,0,1,0,0,2,1,unfurnished,5.88,821.2290502793296,15.58706731987481,8.87626525995469,Eleve,2,Q5
5880000,6500,3,2,3,1,0,0,0,1,0,0,unfurnished,5.88,904.6153846153846,15.58706731987481,8.779557455883728,Eleve,2,Q4
5873000,5500,3,1,3,1,1,0,0,1,1,0,furnished,5.873,1067.8181818181818,15.585876134504657,8.612503371220562,Eleve,3,Q4
5873000,11460,3,1,3,1,0,0,0,0,2,1,semi-furnished,5.873,512.478184991274,15.585876134504657,9.346617990268731,Eleve,2,Q5
5866000,4800,3,1,1,1,1,1,0,0,0,0,unfurnished,5.866,1222.0833333333333,15.584683528519534,8.476371196895983,Eleve,2,Q3
5810000,5828,4,1,4,1,1,0,0,0,0,0,semi-furnished,5.81,996.9114619080302,15.575091128828094,8.670429167315095,Eleve,2,Q4
5810000,5200,3,1,3,1,0,0,0,1,0,0,semi-furnished,5.81,1117.3076923076924,15.575091128828094,8.556413904569519,Eleve,2,Q3
5810000,4800,3,1,3,1,0,0,0,1,0,0,unfurnished,5.81,1210.4166666666667,15.575091128828094,8.476371196895983,Eleve,2,Q3
5803000,7000,3,1,1,1,0,1,0,0,2,1,semi-furnished,5.803,829.0,15.573885583172745,8.85366542803745,Eleve,2,Q5
5775000,6000,3,2,4,1,0,0,0,1,0,0,unfurnished,5.775,962.5,15.569048814372131,8.699514748210191,Eleve,2,Q4
5740000,5400,4,2,2,1,0,0,0,1,2,0,unfurnished,5.74,1062.962962962963,15.56296976829575,8.594154232552366,Eleve,2,Q3
5740000,4640,4,1,2,1,0,0,0,0,1,0,semi-furnished,5.74,1237.0689655172414,15.56296976829575,8.442469645220301,Eleve,1,Q3
5740000,5000,3,1,3,1,0,0,0,1,0,0,semi-furnished,5.74,1148.0,15.56296976829575,8.517193191416238,Eleve,2,Q3
5740000,6360,3,1,1,1,1,1,0,1,2,1,furnished,5.74,902.5157232704403,15.56296976829575,8.757783656334167,Eleve,4,Q4
5740000,5800,3,2,4,1,0,0,0,1,0,0,unfurnished,5.74,989.6551724137931,15.56296976829575,8.66561319653451,Eleve,2,Q4
5652500,6660,4,2,2,1,1,1,0,0,1,1,semi-furnished,5.6525,848.7237237237238,15.547608483134262,8.803874763534434,Eleve,3,Q5
5600000,10500,4,2,2,1,0,0,0,0,1,0,semi-furnished,5.6,533.3333333333334,15.538277155705378,9.259130536145614,Eleve,1,Q5
5600000,4800,5,2,3,0,0,1,1,0,0,0,unfurnished,5.6,1166.6666666666667,15.538277155705378,8.476371196895983,Eleve,0,Q3
5600000,4700,4,1,2,1,1,1,0,1,1,0,furnished,5.6,1191.4893617021276,15.538277155705378,8.45531778769815,Eleve,3,Q3
5600000,5000,3,1,4,1,0,0,0,0,0,0,furnished,5.6,1120.0,15.538277155705378,8.517193191416238,Eleve,1,Q3
5600000,10500,2,1,1,1,0,0,0,0,1,0,semi-furnished,5.6,533.3333333333334,15.538277155705378,9.259130536145614,Eleve,1,Q5
5600000,5500,3,2,2,1,0,0,0,0,1,0,semi-furnished,5.6,1018.1818181818181,15.538277155705378,8.612503371220562,Eleve,1,Q4
5600000,6360,3,1,3,1,0,0,0,0,0,1,semi-furnished,5.6,880.503144654088,15.538277155705378,8.757783656334167,Eleve,2,Q4
5600000,6600,4,2,1,1,0,1,0,0,0,1,semi-furnished,5.6,848.4848484848485,15.538277155705378,8.794824928014517,Eleve,2,Q4
5600000,5136,3,1,2,1,1,1,0,1,0,1,unfurnished,5.6,1090.342679127726,15.538277155705378,8.544029845369797,Eleve,4,Q3
5565000,4400,4,1,2,1,0,0,0,1,2,1,semi-furnished,5.565,1264.7727272727273,15.532007542691781,8.389359819906353,Eleve,3,Q3
5565000,5400,5,1,2,1,1,1,0,1,0,1,furnished,5.565,1030.5555555555557,15.532007542691781,8.594154232552366,Eleve,4,Q3
5530000,3300,3,3,2,1,0,1,0,0,0,0,semi-furnished,5.53,1675.7575757575758,15.525698373498518,8.101677747454572,Eleve,1,Q1
5530000,3650,3,2,2,1,0,0,0,0,2,0,semi-furnished,5.53,1515.0684931506848,15.525698373498518,8.202482446576537,Eleve,1,Q2
5530000,6100,3,2,1,1,0,1,0,0,2,1,furnished,5.53,906.5573770491803,15.525698373498518,8.716044050161402,Eleve,2,Q4
5523000,6900,3,1,1,1,1,1,0,0,0,1,semi-furnished,5.523,800.4347826086956,15.524431748883325,8.83927669058535,Eleve,3,Q5
5495000,2817,4,2,2,0,1,1,0,0,1,0,furnished,5.495,1950.6567270145545,15.51934914581986,7.943427767876373,Eleve,1,Q1
5495000,7980,3,1,1,1,0,0,0,0,2,0,semi-furnished,5.495,688.5964912280701,15.51934914581986,8.984693690443855,Eleve,1,Q5
5460000,3150,3,2,1,1,1,1,0,1,0,0,furnished,5.46,1733.3333333333333,15.512959347721088,8.055157731819678,Eleve,3,Q1
5460000,6210,4,1,4,1,1,0,0,1,0,0,furnished,5.46,879.2270531400966,15.512959347721088,8.733916174927524,Eleve,3,Q4
5460000,6100,3,1,3,1,1,0,0,1,0,1,semi-furnished,5.46,895.0819672131148,15.512959347721088,8.716044050161402,Eleve,4,Q4
5460000,6600,4,2,2,1,1,1,0,0,0,1,semi-furnished,5.46,827.2727272727273,15.512959347721088,8.794824928014517,Eleve,3,Q4
5425000,6825,3,1,1,1,1,1,0,1,0,1,semi-furnished,5.425,794.8717948717949,15.506528457390797,8.82834762005316,Eleve,4,Q5
5390000,6710,3,2,2,1,1,1,0,0,1,1,furnished,5.39,803.2786885245902,15.50005594288518,8.811354229965728,Eleve,3,Q5
5383000,6450,3,2,1,1,1,1,1,0,0,0,unfurnished,5.383,834.5736434108527,15.498756397543094,8.771835409789817,Eleve,2,Q4
5320000,7800,3,1,1,1,0,1,0,1,2,1,unfurnished,5.32,682.0512820512821,15.486983861317826,8.961879012677683,Eleve,3,Q5
5285000,4600,2,2,1,1,0,0,0,1,2,0,semi-furnished,5.285,1148.9130434782608,15.480383177286475,8.433811582477187,Eleve,2,Q3
5250000,4260,4,1,2,1,0,1,0,1,0,0,furnished,5.25,1232.394366197183,15.473738634567807,8.357024439263416,Eleve,2,Q3
5250000,6540,4,2,2,0,0,0,0,1,0,0,semi-furnished,5.25,802.7522935779816,15.473738634567807,8.785692444451245,Eleve,1,Q4
5250000,5500,3,2,1,1,0,1,0,0,0,0,semi-furnished,5.25,954.5454545454545,15.473738634567807,8.612503371220562,Eleve,1,Q4
5250000,10269,3,1,1,1,0,0,0,0,1,1,semi-furnished,5.25,511.2474437627812,15.473738634567807,9.236884927198295,Eleve,2,Q5
5250000,8400,3,1,2,1,1,1,0,1,2,1,unfurnished,5.25,625.0,15.473738634567807,9.035986984831405,Eleve,4,Q5
5250000,5300,4,2,1,1,0,0,0,1,0,1,unfurnished,5.25,990.566037735849,15.473738634567807,8.575462099540212,Eleve,3,Q3
5250000,3800,3,1,2,1,1,1,0,0,1,1,unfurnished,5.25,1381.578947368421,15.473738634567807,8.242756345714477,Eleve,3,Q2
5250000,9800,4,2,2,1,1,0,0,0,2,0,semi-furnished,5.25,535.7142857142857,15.473738634567807,9.190137664658664,Eleve,2,Q5
5250000,8520,3,1,1,1,0,0,0,1,2,0,furnished,5.25,616.1971830985915,15.473738634567807,9.050171619823361,Eleve,2,Q5
5243000,6050,3,1,1,1,0,1,0,0,0,1,semi-furnished,5.243,866.6115702479339,15.47240441155467,8.707813551024888,Eleve,2,Q4
5229000,7085,3,1,1,1,1,1,0,0,2,1,semi-furnished,5.229,738.0381086803105,15.469730613170269,8.865735152124781,Eleve,3,Q5
5215000,3180,3,2,2,1,0,0,0,0,2,0,semi-furnished,5.215,1639.937106918239,15.46704964641701,8.064636475774222,Eleve,1,Q1
5215000,4500,4,2,1,0,0,1,0,1,2,0,semi-furnished,5.215,1158.888888888889,15.46704964641701,8.411832675758411,Eleve,1,Q3
5215000,7200,3,1,2,1,1,1,0,0,1,1,furnished,5.215,724.3055555555555,15.46704964641701,8.881836305004146,Eleve,3,Q5
5145000,3410,3,1,2,0,0,0,0,1,0,0,semi-furnished,5.145,1508.7976539589442,15.453535927250288,8.134467570277563,Moyen,1,Q1
5145000,7980,3,1,1,1,0,0,0,0,1,1,semi-furnished,5.145,644.7368421052631,15.453535927250288,8.984693690443855,Moyen,2,Q5
5110000,3000,3,2,2,1,1,1,0,0,0,0,furnished,5.11,1703.3333333333333,15.446709962179888,8.006367567650246,Moyen,2,Q1
5110000,3000,3,1,2,1,0,1,0,0,0,0,unfurnished,5.11,1703.3333333333333,15.446709962179888,8.006367567650246,Moyen,1,Q1
5110000,11410,2,1,2,1,0,0,0,0,0,1,furnished,5.11,447.85276073619633,15.446709962179888,9.342245442856122,Moyen,2,Q5
5110000,6100,3,1,1,1,0,1,0,1,0,1,semi-furnished,5.11,837.7049180327868,15.446709962179888,8.716044050161402,Moyen,3,Q4
5075000,5720,2,1,2,1,0,0,0,1,0,1,unfurnished,5.075,887.2377622377622,15.439837082892126,8.651724084373843,Moyen,3,Q4
5040000,3540,2,1,1,0,1,1,0,0,0,0,semi-furnished,5.04,1423.7288135593221,15.432916640047551,8.17188200612782,Moyen,1,Q2
5040000,7600,4,1,2,1,0,0,0,1,2,0,furnished,5.04,663.1578947368421,15.432916640047551,8.935903526274423,Moyen,2,Q5
5040000,10700,3,1,2,1,1,1,0,0,0,0,semi-furnished,5.04,471.02803738317755,15.432916640047551,9.277999020449997,Moyen,2,Q5
5040000,6600,3,1,1,1,1,1,0,0,0,1,furnished,5.04,763.6363636363636,15.432916640047551,8.794824928014517,Moyen,3,Q4
5033000,4800,2,1,1,1,1,1,0,0,0,0,semi-furnished,5.033,1048.5416666666667,15.431526785758496,8.476371196895983,Moyen,2,Q3
5005000,8150,3,2,1,1,1,1,0,0,0,0,semi-furnished,5.005,614.1104294478528,15.425947970731459,9.005773206234908,Moyen,2,Q5
4970000,4410,4,3,2,1,0,1,0,0,2,0,semi-furnished,4.97,1126.984126984127,15.418930398072812,8.391629968440892,Moyen,1,Q3
4970000,7686,3,1,1,1,1,1,1,0,0,0,semi-furnished,4.97,646.6302367941712,15.418930398072812,8.94715577112479,Moyen,2,Q5
4956000,2800,3,2,2,0,0,1,0,1,1,0,semi-furnished,4.956,1770.0,15.41610952173117,7.937374696163295,Moyen,1,Q1
4935000,5948,3,1,2,1,0,0,0,1,0,0,semi-furnished,4.935,829.6906523201076,15.411863230849718,8.690810307580046,Moyen,2,Q4
4907000,4200,3,1,2,1,0,0,0,0,1,0,furnished,4.907,1168.3333333333333,15.40617331507204,8.34283980427146,Moyen,1,Q3
4900000,4520,3,1,2,1,0,1,0,1,0,0,semi-furnished,4.9,1084.070796460177,15.404745763080856,8.416267272826277,Moyen,2,Q3
4900000,4095,3,1,2,0,1,1,0,1,0,0,semi-furnished,4.9,1196.5811965811965,15.404745763080856,8.31752199628717,Moyen,2,Q3
4900000,4120,2,1,1,1,0,1,0,0,1,0,semi-furnished,4.9,1189.3203883495146,15.404745763080856,8.323608442343572,Moyen,1,Q3
4900000,5400,4,1,2,1,0,0,0,0,0,0,semi-furnished,4.9,907.4074074074074,15.404745763080856,8.594154232552366,Moyen,1,Q3
4900000,4770,3,1,1,1,1,1,0,0,0,0,semi-furnished,4.9,1027.2536687631027,15.404745763080856,8.470101583882387,Moyen,2,Q3
4900000,6300,3,1,1,1,0,0,0,1,2,0,semi-furnished,4.9,777.7777777777778,15.404745763080856,8.748304912379623,Moyen,2,Q4
4900000,5800,2,1,1,1,1,1,0,1,0,0,semi-furnished,4.9,844.8275862068965,15.404745763080856,8.66561319653451,Moyen,3,Q4
4900000,3000,3,1,2,1,0,1,0,1,0,0,semi-furnished,4.9,1633.3333333333333,15.404745763080856,8.006367567650246,Moyen,2,Q1
4900000,2970,3,1,3,1,0,0,0,0,0,0,semi-furnished,4.9,1649.8316498316499,15.404745763080856,7.996317231796746,Moyen,1,Q1
4900000,6720,3,1,1,1,0,0,0,0,0,0,unfurnished,4.9,729.1666666666666,15.404745763080856,8.812843433517195,Moyen,1,Q5
4900000,4646,3,1,2,1,1,1,0,0,2,0,semi-furnished,4.9,1054.6706844597504,15.404745763080856,8.443761913330354,Moyen,2,Q3
4900000,12900,3,1,1,1,0,0,0,0,2,0,furnished,4.9,379.84496124031006,15.404745763080856,9.464982590349763,Moyen,1,Q5
4893000,3420,4,2,2,1,0,1,0,1,2,0,semi-furnished,4.893,1430.701754385965,15.40331617027126,8.13739583005665,Moyen,2,Q1
4893000,4995,4,2,1,1,0,1,0,0,0,0,semi-furnished,4.893,979.5795795795796,15.40331617027126,8.516192691082654,Moyen,1,Q3
4865000,4350,2,1,1,1,0,1,0,0,0,0,unfurnished,4.865,1118.3908045977012,15.397577273602243,8.37793112408273,Moyen,1,Q3
4830000,4160,3,1,3,1,0,0,0,0,0,0,unfurnished,4.83,1161.0576923076924,15.390357025628756,8.333270353255308,Moyen,1,Q3
4830000,6040,3,1,1,1,0,0,0,0,2,1,semi-furnished,4.83,799.6688741721854,15.390357025628756,8.706159290928861,Moyen,2,Q4
4830000,6862,3,1,2,1,0,0,0,1,2,1,furnished,4.83,703.8764208685515,15.390357025628756,8.833754223418396,Moyen,3,Q5
4830000,4815,2,1,1,1,0,0,0,1,0,1,semi-furnished,4.83,1003.1152647975077,15.390357025628756,8.479491324232226,Moyen,3,Q3
4795000,7000,3,1,2,1,0,1,0,0,0,0,unfurnished,4.795,685.0,15.383084266299676,8.85366542803745,Moyen,1,Q5
4795000,8100,4,1,4,1,0,1,0,1,2,0,semi-furnished,4.795,591.9753086419753,15.383084266299676,8.99961934066053,Moyen,2,Q5
4767000,3420,4,2,2,1,0,0,0,0,0,0,semi-furnished,4.767,1393.859649122807,15.377227734186963,8.13739583005665,Moyen,1,Q1
4760000,9166,2,1,1,1,0,1,0,1,2,0,semi-furnished,4.76,519.3104953087498,15.375758226207603,9.123256265069069,Moyen,2,Q5
4760000,6321,3,1,2,1,0,1,0,1,1,0,furnished,4.76,753.0454042081949,15.375758226207603,8.751632702472298,Moyen,2,Q4
4760000,10240,2,1,1,1,0,0,0,1,2,1,unfurnished,4.76,464.84375,15.375758226207603,9.234056898593499,Moyen,3,Q5
4753000,6440,2,1,1,1,0,0,0,1,3,0,semi-furnished,4.753,738.0434782608696,15.374286555596147,8.770283819098399,Moyen,2,Q4
4690000,5170,3,1,4,1,0,0,0,1,0,0,semi-furnished,4.69,907.1566731141199,15.360943140422462,8.550627967502475,Moyen,2,Q3
4690000,6000,2,1,1,1,0,1,0,1,1,0,furnished,4.69,781.6666666666666,15.360943140422462,8.699514748210191,Moyen,2,Q4
4690000,3630,3,1,2,1,0,0,0,0,2,0,semi-furnished,4.69,1292.0110192837465,15.360943140422462,8.196987927258897,Moyen,1,Q2
4690000,9667,4,2,2,1,1,1,0,0,1,0,semi-furnished,4.69,485.15568428674874,15.360943140422462,9.176473302464606,Moyen,2,Q5
4690000,5400,2,1,2,1,0,0,0,0,0,1,semi-furnished,4.69,868.5185185185185,15.360943140422462,8.594154232552366,Moyen,2,Q3
4690000,4320,3,1,1,1,0,0,0,0,0,1,semi-furnished,4.69,1085.648148148148,15.360943140422462,8.371010681238156,Moyen,2,Q3
4655000,3745,3,1,2,1,0,1,0,0,0,0,furnished,4.655,1242.9906542056074,15.353452468693305,8.22817689595132,Moyen,1,Q2
4620000,4160,3,1,1,1,1,1,0,1,0,0,unfurnished,4.62,1110.576923076923,15.345905263057922,8.333270353255308,Moyen,3,Q3
4620000,3880,3,2,2,1,0,1,0,0,2,0,semi-furnished,4.62,1190.721649484536,15.345905263057922,8.263590432617319,Moyen,1,Q2
4620000,5680,3,1,2,1,1,0,0,1,1,0,semi-furnished,4.62,813.3802816901408,15.345905263057922,8.644706511715198,Moyen,3,Q4
4620000,2870,2,1,2,1,1,1,0,0,0,1,semi-furnished,4.62,1609.7560975609756,15.345905263057922,7.962067308753666,Moyen,3,Q1
4620000,5010,3,1,2,1,0,1,0,0,0,0,semi-furnished,4.62,922.1556886227545,15.345905263057922,8.51919119407891,Moyen,1,Q3
4613000,4510,4,2,2,1,0,1,0,0,0,0,semi-furnished,4.613,1022.8381374722838,15.344388962539957,8.414052432496725,Moyen,1,Q3
4585000,4000,3,1,2,1,0,0,0,0,1,0,furnished,4.585,1146.25,15.338300663672703,8.294049640102028,Moyen,1,Q2
4585000,3840,3,1,2,1,0,0,0,0,1,1,semi-furnished,4.585,1194.0104166666667,15.338300663672703,8.253227645581772,Moyen,2,Q2
4550000,3760,3,1,1,1,0,0,0,0,2,0,semi-furnished,4.55,1210.1063829787233,15.330637790927133,8.23217423638394,Moyen,1,Q2
4550000,3640,3,1,2,1,0,0,0,1,0,0,furnished,4.55,1250.0,15.330637790927133,8.199738960630786,Moyen,2,Q2
4550000,2550,3,1,2,1,0,1,0,0,0,0,furnished,4.55,1784.313725490196,15.330637790927133,7.843848638152472,Moyen,1,Q1
4550000,5320,3,1,2,1,1,1,0,0,0,1,semi-furnished,4.55,855.2631578947369,15.330637790927133,8.57922858233569,Moyen,3,Q3
4550000,5360,3,1,2,1,0,0,0,0,2,1,unfurnished,4.55,848.8805970149253,15.330637790927133,8.586719254064848,Moyen,2,Q3
4550000,3520,3,1,1,1,0,0,0,0,0,1,semi-furnished,4.55,1292.6136363636363,15.330637790927133,8.166216268592143,Moyen,2,Q2
4550000,8400,4,1,4,1,0,0,0,0,3,0,unfurnished,4.55,541.6666666666666,15.330637790927133,9.035986984831405,Moyen,1,Q5
4543000,4100,2,2,1,1,1,1,0,0,0,0,semi-furnished,4.543,1108.0487804878048,15.32909814474154,8.318742252692399,Moyen,2,Q3
4543000,4990,4,2,2,1,1,1,0,0,0,1,furnished,4.543,910.4208416833667,15.32909814474154,8.515191188745565,Moyen,3,Q3
4515000,3510,3,1,3,1,0,0,0,0,0,0,semi-furnished,4.515,1286.3247863247864,15.322915744833223,8.163371316459912,Moyen,1,Q2
4515000,3450,3,1,2,1,0,1,0,0,1,0,semi-furnished,4.515,1308.695652173913,15.322915744833223,8.146129510025405,Moyen,1,Q1
4515000,9860,3,1,1,1,0,0,0,0,0,0,semi-furnished,4.515,457.9107505070994,15.322915744833223,9.19624144759668,Moyen,1,Q5
4515000,3520,2,1,2,1,0,0,0,0,0,1,furnished,4.515,1282.6704545454545,15.322915744833223,8.166216268592143,Moyen,2,Q2
4480000,4510,4,1,2,1,0,0,0,1,2,0,semi-furnished,4.48,993.3481152993348,15.315133604391168,8.414052432496725,Moyen,2,Q3
4480000,5885,2,1,1,1,0,0,0,1,1,0,unfurnished,4.48,761.2574341546305,15.315133604391168,8.680162019694377,Moyen,2,Q4
4480000,4000,3,1,2,1,0,0,0,0,2,0,furnished,4.48,1120.0,15.315133604391168,8.294049640102028,Moyen,1,Q2
4480000,8250,3,1,1,1,0,0,0,0,0,0,furnished,4.48,543.030303030303,15.315133604391168,9.017968479328726,Moyen,1,Q5
4480000,4040,3,1,2,1,0,0,0,0,1,0,semi-furnished,4.48,1108.9108910891089,15.315133604391168,8.303999970955196,Moyen,1,Q2
4473000,6360,2,1,1,1,0,1,0,1,1,0,furnished,4.473,703.3018867924528,15.313569882414985,8.757783656334167,Moyen,2,Q4
4473000,3162,3,1,2,1,0,0,0,1,1,0,furnished,4.473,1414.6110056925995,15.313569882414985,8.058960017769417,Moyen,2,Q1
4473000,3510,3,1,2,1,0,0,0,0,0,0,semi-furnished,4.473,1274.3589743589744,15.313569882414985,8.163371316459912,Moyen,1,Q2
4445000,3750,2,1,1,1,1,1,0,0,0,0,semi-furnished,4.445,1185.3333333333333,15.307290426930143,8.229511118964457,Moyen,2,Q2
4410000,3968,3,1,2,0,0,0,0,0,0,0,semi-furnished,4.41,1111.391129032258,15.299385247423029,8.286017468404763,Moyen,0,Q2
4410000,4900,2,1,2,1,0,1,0,0,0,0,semi-furnished,4.41,900.0,15.299385247423029,8.496990484098719,Moyen,1,Q3
4403000,2880,3,1,2,1,0,0,0,0,0,1,semi-furnished,4.403,1528.8194444444443,15.297796684737891,7.965545573129992,Moyen,2,Q1
4403000,4880,3,1,1,1,0,0,0,0,2,1,unfurnished,4.403,902.2540983606557,15.297796684737891,8.492900498847193,Moyen,2,Q3
4403000,4920,3,1,2,1,0,0,0,0,1,0,semi-furnished,4.403,894.9186991869918,15.297796684737891,8.501063809486354,Moyen,1,Q3
4382000,4950,4,1,2,1,0,0,0,1,0,0,semi-furnished,4.382,885.2525252525253,15.29301579913755,8.507142855562735,Moyen,2,Q3
4375000,3900,3,1,2,1,0,0,0,0,0,0,unfurnished,4.375,1121.7948717948718,15.291417077773852,8.268731832117737,Moyen,1,Q2
4340000,4500,3,2,3,1,0,0,1,0,1,0,furnished,4.34,964.4444444444445,15.283384906076588,8.411832675758411,Moyen,1,Q3
4340000,1905,5,1,2,0,0,1,0,0,0,0,semi-furnished,4.34,2278.215223097113,15.283384906076588,7.552237287560802,Moyen,0,Q1
4340000,4075,3,1,1,1,1,1,0,0,2,0,semi-furnished,4.34,1065.0306748466257,15.283384906076588,8.312626025674962,Moyen,2,Q3
4340000,3500,4,1,2,1,0,0,0,0,2,0,furnished,4.34,1240.0,15.283384906076588,8.160518247477505,Moyen,1,Q2
4340000,6450,4,1,2,1,0,0,0,0,0,0,semi-furnished,4.34,672.8682170542636,15.283384906076588,8.771835409789817,Moyen,1,Q4
4319000,4032,2,1,1,1,0,1,0,0,0,0,furnished,4.319,1071.1805555555557,15.278534451942837,8.302017809751204,Moyen,1,Q2
4305000,4400,2,1,1,1,0,0,0,0,1,0,semi-furnished,4.305,978.4090909090909,15.275287695843968,8.389359819906353,Moyen,1,Q3
4305000,10360,2,1,1,1,0,0,0,0,1,1,semi-furnished,4.305,415.5405405405405,15.275287695843968,9.245707515813473,Moyen,2,Q5
4277000,3400,3,1,2,1,0,1,0,0,2,1,semi-furnished,4.277,1257.9411764705883,15.268762387209046,8.131530710604252,Moyen,2,Q1
4270000,6360,2,1,1,1,0,0,0,0,0,0,furnished,4.27,671.3836477987421,15.267124385204808,8.757783656334167,Moyen,1,Q4
4270000,6360,2,1,2,1,0,0,0,0,0,0,unfurnished,4.27,671.3836477987421,15.267124385204808,8.757783656334167,Moyen,1,Q4
4270000,4500,2,1,1,1,0,0,0,1,2,0,furnished,4.27,948.8888888888889,15.267124385204808,8.411832675758411,Moyen,2,Q3
4270000,2175,3,1,2,0,1,1,0,1,0,0,unfurnished,4.27,1963.2183908045977,15.267124385204808,7.684783943522785,Moyen,2,Q1
4270000,4360,4,1,2,1,0,0,0,0,0,0,furnished,4.27,979.3577981651376,15.267124385204808,8.38022733634308,Moyen,1,Q3
4270000,7770,2,1,1,1,0,0,0,0,1,0,furnished,4.27,549.5495495495495,15.267124385204808,8.958025443361693,Moyen,1,Q5
4235000,6650,3,1,2,1,1,0,0,0,0,0,semi-furnished,4.235,636.8421052631579,15.258893886068291,8.8023721336499,Moyen,2,Q5
4235000,2787,3,1,1,1,0,1,0,0,0,1,furnished,4.235,1519.5550771438823,15.258893886068291,7.932721027481948,Moyen,2,Q1
4200000,5500,3,1,2,1,0,0,0,1,0,0,unfurnished,4.2,763.6363636363636,15.250595083253597,8.612503371220562,Moyen,2,Q4
4200000,5040,3,1,2,1,0,1,0,1,0,0,unfurnished,4.2,833.3333333333334,15.250595083253597,8.525161361065415,Moyen,2,Q3
4200000,5850,2,1,1,1,1,1,0,0,2,0,semi-furnished,4.2,717.9487179487179,15.250595083253597,8.674196940225903,Moyen,2,Q4
4200000,2610,4,3,2,0,0,0,0,0,0,0,semi-furnished,4.2,1609.1954022988505,15.250595083253597,7.867105500316739,Moyen,0,Q1
4200000,2953,3,1,2,1,0,1,0,1,0,0,unfurnished,4.2,1422.2824246528953,15.250595083253597,7.990576881743923,Moyen,2,Q1
4200000,2747,4,2,2,0,0,0,0,0,0,0,semi-furnished,4.2,1528.9406625409538,15.250595083253597,7.918264686095274,Moyen,0,Q1
4200000,4410,2,1,1,0,0,0,0,0,1,0,unfurnished,4.2,952.3809523809524,15.250595083253597,8.391629968440892,Moyen,0,Q3
4200000,4000,4,2,2,0,0,0,0,0,0,0,semi-furnished,4.2,1050.0,15.250595083253597,8.294049640102028,Moyen,0,Q2
4200000,2325,3,1,2,0,0,0,0,0,0,0,semi-furnished,4.2,1806.4516129032259,15.250595083253597,7.751475318021456,Moyen,0,Q1
4200000,4600,3,2,2,1,0,0,0,1,1,0,semi-furnished,4.2,913.0434782608696,15.250595083253597,8.433811582477187,Moyen,2,Q3
4200000,3640,3,2,2,1,0,1,0,0,0,0,unfurnished,4.2,1153.8461538461538,15.250595083253597,8.199738960630786,Moyen,1,Q2
4200000,5800,3,1,1,1,0,0,1,0,2,0,semi-furnished,4.2,724.1379310344828,15.250595083253597,8.66561319653451,Moyen,1,Q4
4200000,7000,3,1,1,1,0,0,0,0,3,0,furnished,4.2,600.0,15.250595083253597,8.85366542803745,Moyen,1,Q5
4200000,4079,3,1,3,1,0,0,0,0,0,0,semi-furnished,4.2,1029.6641333660211,15.250595083253597,8.313607139317558,Moyen,1,Q3
4200000,3520,3,1,2,1,0,0,0,0,0,1,semi-furnished,4.2,1193.1818181818182,15.250595083253597,8.166216268592143,Moyen,2,Q2
4200000,2145,3,1,3,1,0,0,0,0,1,1,unfurnished,4.2,1958.041958041958,15.250595083253597,7.6708948313621175,Moyen,2,Q1
4200000,4500,3,1,1,1,0,1,0,0,0,0,furnished,4.2,933.3333333333334,15.250595083253597,8.411832675758411,Moyen,1,Q3
4193000,8250,3,1,1,1,0,1,0,0,3,0,semi-furnished,4.193,508.24242424242425,15.2489270261529,9.017968479328726,Moyen,1,Q5
4193000,3450,3,1,2,1,0,0,0,0,1,0,semi-furnished,4.193,1215.3623188405797,15.2489270261529,8.146129510025405,Moyen,1,Q1
4165000,4840,3,1,2,1,0,0,0,0,1,0,semi-furnished,4.165,860.5371900826447,15.24222683358308,8.484669999710677,Moyen,1,Q3
4165000,4080,3,1,2,1,0,0,0,0,2,0,semi-furnished,4.165,1020.8333333333334,15.24222683358308,8.313852267398207,Moyen,1,Q3
4165000,4046,3,1,2,1,0,1,0,0,1,0,semi-furnished,4.165,1029.4117647058824,15.24222683358308,8.305484017727691,Moyen,1,Q2
4130000,4632,4,1,2,1,0,0,0,1,0,0,semi-furnished,4.13,891.6234887737478,15.233787964937216,8.440744019252831,Moyen,2,Q3
4130000,5985,3,1,1,1,0,1,0,0,0,0,semi-furnished,4.13,690.0584795321637,15.233787964937216,8.697011617992073,Moyen,1,Q4
4123000,6060,2,1,1,1,0,1,0,0,1,0,semi-furnished,4.123,680.3630363036303,15.232091611689038,8.70946507906336,Moyen,1,Q4
4098500,3600,3,1,1,1,0,1,0,1,0,1,furnished,4.0985,1138.4722222222222,15.226131611075223,8.1886891244442,Moyen,3,Q2
4095000,3680,3,2,2,1,0,0,0,0,0,0,semi-furnished,4.095,1112.7717391304348,15.225277275269306,8.210668031162976,Moyen,1,Q2
4095000,4040,2,1,2,1,0,0,0,0,1,0,semi-furnished,4.095,1013.6138613861386,15.225277275269306,8.303999970955196,Moyen,1,Q2
4095000,5600,2,1,1,1,0,0,0,1,0,0,semi-furnished,4.095,731.25,15.225277275269306,8.630521876723241,Moyen,2,Q4
4060000,5900,4,2,2,0,0,1,0,0,1,0,unfurnished,4.06,688.1355932203389,15.216693531577915,8.68270762989381,Moyen,0,Q4
4060000,4992,3,2,2,1,0,0,0,0,2,0,unfurnished,4.06,813.3012820512821,15.216693531577915,8.515591910049263,Moyen,1,Q3
4060000,4340,3,1,1,1,0,0,0,0,0,0,semi-furnished,4.06,935.483870967742,15.216693531577915,8.375629627094451,Moyen,1,Q3
4060000,3000,4,1,3,1,0,1,0,1,2,0,semi-furnished,4.06,1353.3333333333333,15.216693531577915,8.006367567650246,Moyen,2,Q1
4060000,4320,3,1,2,1,0,0,0,0,2,1,furnished,4.06,939.8148148148148,15.216693531577915,8.371010681238156,Moyen,2,Q3
4025000,3630,3,2,2,1,0,0,1,0,2,0,semi-furnished,4.025,1108.8154269972451,15.208035468834801,8.196987927258897,Moyen,1,Q2
4025000,3460,3,2,1,1,0,1,0,1,1,0,furnished,4.025,1163.2947976878613,15.208035468834801,8.14902386805177,Moyen,2,Q2
4025000,5400,3,1,1,1,0,0,0,0,3,0,semi-furnished,4.025,745.3703703703703,15.208035468834801,8.594154232552366,Moyen,1,Q3
4007500,4500,3,1,2,0,0,1,0,1,0,0,semi-furnished,4.0075,890.5555555555555,15.203678163465845,8.411832675758411,Moyen,1,Q3
4007500,3460,4,1,2,1,0,0,0,1,0,0,semi-furnished,4.0075,1158.236994219653,15.203678163465845,8.14902386805177,Moyen,2,Q2
3990000,4100,4,1,1,0,0,1,0,0,0,0,unfurnished,3.99,973.170731707317,15.199301788866046,8.318742252692399,Moyen,0,Q3
3990000,6480,3,1,2,0,0,0,0,1,1,0,semi-furnished,3.99,615.7407407407408,15.199301788866046,8.776475789346321,Moyen,1,Q4
3990000,4500,3,2,2,0,0,1,0,1,0,0,semi-furnished,3.99,886.6666666666666,15.199301788866046,8.411832675758411,Moyen,1,Q3
3990000,3960,3,1,2,1,0,0,0,0,0,0,furnished,3.99,1007.5757575757576,15.199301788866046,8.283999304248526,Moyen,1,Q2
3990000,4050,2,1,2,1,1,1,0,0,0,1,unfurnished,3.99,985.1851851851852,15.199301788866046,8.306472160100585,Moyen,3,Q2
3920000,7260,3,2,1,1,1,1,0,0,3,0,furnished,3.92,539.9449035812672,15.181602211766645,8.890135107818843,Moyen,2,Q5
3920000,5500,4,1,2,1,1,1,0,0,0,0,semi-furnished,3.92,712.7272727272727,15.181602211766645,8.612503371220562,Moyen,2,Q4
3920000,3000,3,1,2,1,0,0,0,0,0,0,semi-furnished,3.92,1306.6666666666667,15.181602211766645,8.006367567650246,Moyen,1,Q1
3920000,3290,2,1,1,1,0,0,1,0,1,0,furnished,3.92,1191.4893617021276,15.181602211766645,8.098642843759418,Moyen,1,Q1
3920000,3816,2,1,1,1,0,1,0,1,2,0,furnished,3.92,1027.2536687631027,15.181602211766645,8.246958032568177,Moyen,2,Q2
3920000,8080,3,1,1,1,0,0,0,1,2,0,semi-furnished,3.92,485.1485148514852,15.181602211766645,8.997147151515142,Moyen,2,Q5
3920000,2145,4,2,1,1,0,1,0,0,0,1,unfurnished,3.92,1827.5058275058275,15.181602211766645,7.6708948313621175,Moyen,2,Q1
3885000,3780,2,1,2,1,1,1,0,0,0,0,semi-furnished,3.885,1027.7777777777778,15.172633541783885,8.237479288613633,Moyen,2,Q2
3885000,3180,4,2,2,1,0,0,0,0,0,0,furnished,3.885,1221.698113207547,15.172633541783885,8.064636475774222,Moyen,1,Q1
3850000,5300,5,2,2,1,0,0,0,0,0,0,semi-furnished,3.85,726.4150943396227,15.163583706263967,8.575462099540212,Moyen,1,Q3
3850000,3180,2,2,1,1,0,1,0,0,2,0,semi-furnished,3.85,1210.691823899371,15.163583706263967,8.064636475774222,Moyen,1,Q1
3850000,7152,3,1,2,1,0,0,0,1,0,0,furnished,3.85,538.3109619686801,15.163583706263967,8.87514731685335,Moyen,2,Q5
3850000,4080,2,1,1,1,0,0,0,0,0,0,semi-furnished,3.85,943.6274509803922,15.163583706263967,8.313852267398207,Moyen,1,Q3
3850000,3850,2,1,1,1,0,0,0,0,0,0,semi-furnished,3.85,1000.0,15.163583706263967,8.25582842728183,Moyen,1,Q2
3850000,2015,3,1,2,1,0,1,0,0,0,1,semi-furnished,3.85,1910.6699751861042,15.163583706263967,7.608374474380783,Moyen,2,Q1
3850000,2176,2,1,2,1,1,0,0,0,0,1,semi-furnished,3.85,1769.3014705882354,15.163583706263967,7.685243607975833,Moyen,3,Q1
3836000,3350,3,1,2,1,0,0,0,0,0,0,unfurnished,3.836,1145.0746268656717,15.159940714985465,8.116715624819111,Moyen,1,Q1
3815000,3150,2,2,1,0,0,1,0,0,0,0,semi-furnished,3.815,1211.111111111111,15.154451222700695,8.055157731819678,Moyen,0,Q1
3780000,4820,3,1,2,1,0,0,0,0,0,0,semi-furnished,3.78,784.2323651452282,15.14523456759577,8.480529207044645,Moyen,1,Q3
3780000,3420,2,1,2,1,0,0,1,0,1,0,semi-furnished,3.78,1105.2631578947369,15.14523456759577,8.13739583005665,Moyen,1,Q1
3780000,3600,2,1,1,1,0,0,0,0,0,0,semi-furnished,3.78,1050.0,15.14523456759577,8.1886891244442,Moyen,1,Q2
3780000,5830,2,1,1,1,0,0,0,0,2,0,unfurnished,3.78,648.3704974271012,15.14523456759577,8.670772279344538,Moyen,1,Q4
3780000,2856,3,1,3,1,0,0,0,0,0,1,furnished,3.78,1323.5294117647059,15.14523456759577,7.957177323459475,Moyen,2,Q1
3780000,8400,2,1,1,1,0,0,0,0,1,0,furnished,3.78,450.0,15.14523456759577,9.035986984831405,Moyen,1,Q5
3773000,8250,3,1,1,1,0,0,0,0,2,0,furnished,3.773,457.3333333333333,15.143380998946448,9.017968479328726,Moyen,1,Q5
3773000,2520,5,2,1,0,0,1,0,1,1,0,furnished,3.773,1497.2222222222222,15.143380998946448,7.832014180505469,Moyen,1,Q1
3773000,6930,4,1,2,0,0,0,0,0,1,0,furnished,3.773,544.4444444444445,15.143380998946448,8.84361509218395,Moyen,0,Q5
3745000,3480,2,1,1,1,0,0,0,0,0,1,semi-furnished,3.745,1076.1494252873563,15.135932174933457,8.15478757276852,Moyen,2,Q2
3710000,3600,3,1,1,1,0,0,0,0,1,0,unfurnished,3.71,1030.5555555555557,15.126542434583618,8.1886891244442,Bas,1,Q2
3710000,4040,2,1,1,1,0,0,0,0,0,0,semi-furnished,3.71,918.3168316831683,15.126542434583618,8.303999970955196,Bas,1,Q2
3710000,6020,3,1,1,1,0,0,0,0,0,0,semi-furnished,3.71,616.2790697674419,15.126542434583618,8.702842538302868,Bas,1,Q4
3710000,4050,2,1,1,1,0,0,0,0,0,0,furnished,3.71,916.0493827160494,15.126542434583618,8.306472160100585,Bas,1,Q2
3710000,3584,2,1,1,1,0,0,1,0,0,0,semi-furnished,3.71,1035.15625,15.126542434583618,8.18423477409482,Bas,1,Q2
3703000,3120,3,1,2,0,0,1,1,0,0,0,semi-furnished,3.703,1186.8589743589744,15.12465385989575,8.045588280803528,Bas,0,Q1
3703000,5450,2,1,1,1,0,0,0,0,0,0,furnished,3.703,679.4495412844037,15.12465385989575,8.60337088765729,Bas,1,Q4
3675000,3630,2,1,1,1,0,1,0,0,0,0,furnished,3.675,1012.396694214876,15.117063690629074,8.196987927258897,Bas,1,Q2
3675000,3630,2,1,1,1,0,0,0,1,0,0,unfurnished,3.675,1012.396694214876,15.117063690629074,8.196987927258897,Bas,2,Q2
3675000,5640,2,1,1,0,0,0,0,0,0,0,semi-furnished,3.675,651.5957446808511,15.117063690629074,8.637639344492104,Bas,0,Q4
3675000,3600,2,1,1,1,0,0,0,0,0,0,furnished,3.675,1020.8333333333334,15.117063690629074,8.1886891244442,Bas,1,Q2
3640000,4280,2,1,1,1,0,0,0,1,2,0,semi-furnished,3.64,850.4672897196261,15.107494239612924,8.361708288575842,Bas,2,Q3
3640000,3570,3,1,2,1,0,1,0,0,0,0,semi-furnished,3.64,1019.6078431372549,15.107494239612924,8.180320874773685,Bas,1,Q2
3640000,3180,3,1,2,0,0,1,0,0,0,0,semi-furnished,3.64,1144.6540880503144,15.107494239612924,8.064636475774222,Bas,0,Q1
3640000,3000,2,1,2,1,0,0,0,1,0,0,furnished,3.64,1213.3333333333333,15.107494239612924,8.006367567650246,Bas,2,Q1
3640000,3520,2,2,1,1,0,1,0,0,0,0,semi-furnished,3.64,1034.090909090909,15.107494239612924,8.166216268592143,Bas,1,Q2
3640000,5960,3,1,2,1,1,1,0,0,0,0,unfurnished,3.64,610.738255033557,15.107494239612924,8.692825760059396,Bas,2,Q4
3640000,4130,3,2,2,1,0,0,0,0,2,0,semi-furnished,3.64,881.3559322033898,15.107494239612924,8.326032685955079,Bas,1,Q3
3640000,2850,3,2,2,0,0,1,0,0,0,1,unfurnished,3.64,1277.1929824561403,15.107494239612924,7.955074273262696,Bas,1,Q1
3640000,2275,3,1,3,1,0,0,1,1,0,1,semi-furnished,3.64,1600.0,15.107494239612924,7.729735331385051,Bas,3,Q1
3633000,3520,3,1,1,1,0,0,0,0,2,1,unfurnished,3.633,1032.1022727272727,15.10556931120334,8.166216268592143,Bas,2,Q2
3605000,4500,2,1,1,1,0,0,0,0,0,0,semi-furnished,3.605,801.1111111111111,15.097832328701186,8.411832675758411,Bas,1,Q3
3605000,4000,2,1,1,1,0,0,0,0,0,1,semi-furnished,3.605,901.25,15.097832328701186,8.294049640102028,Bas,2,Q2
3570000,3150,3,1,2,1,0,1,0,0,0,0,furnished,3.57,1133.3333333333333,15.088076153755821,8.055157731819678,Bas,1,Q1
3570000,4500,4,2,2,1,0,1,0,0,2,0,furnished,3.57,793.3333333333334,15.088076153755821,8.411832675758411,Bas,1,Q3
3570000,4500,2,1,1,0,0,0,0,0,0,0,furnished,3.57,793.3333333333334,15.088076153755821,8.411832675758411,Bas,0,Q3
3570000,3640,2,1,1,1,0,0,0,0,0,0,unfurnished,3.57,980.7692307692307,15.088076153755821,8.199738960630786,Bas,1,Q2
3535000,3850,3,1,1,1,0,0,0,0,2,0,unfurnished,3.535,918.1818181818181,15.07822385731281,8.25582842728183,Bas,1,Q2
3500000,4240,3,1,2,1,0,0,0,1,0,0,semi-furnished,3.5,825.4716981132076,15.068273526459642,8.352318548226004,Bas,2,Q3
3500000,3650,3,1,2,1,0,0,0,0,0,0,unfurnished,3.5,958.9041095890411,15.068273526459642,8.202482446576537,Bas,1,Q2
3500000,4600,4,1,2,1,0,0,0,0,0,0,semi-furnished,3.5,760.8695652173913,15.068273526459642,8.433811582477187,Bas,1,Q3
3500000,2135,3,2,2,0,0,0,0,0,0,0,unfurnished,3.5,1639.344262295082,15.068273526459642,7.666221925662725,Bas,0,Q1
3500000,3036,3,1,2,1,0,1,0,0,0,0,semi-furnished,3.5,1152.832674571805,15.068273526459642,8.01829613851552,Bas,1,Q1
3500000,3990,3,1,2,1,0,0,0,0,0,0,semi-furnished,3.5,877.1929824561404,15.068273526459642,8.29154650988391,Bas,1,Q2
3500000,7424,3,1,1,0,0,0,0,0,0,0,unfurnished,3.5,471.4439655172414,15.068273526459642,8.912473274466036,Bas,0,Q5
3500000,3480,3,1,1,0,0,0,0,1,0,0,unfurnished,3.5,1005.7471264367816,15.068273526459642,8.15478757276852,Bas,1,Q2
3500000,3600,6,1,2,1,0,0,0,0,1,0,unfurnished,3.5,972.2222222222222,15.068273526459642,8.1886891244442,Bas,1,Q2
3500000,3640,2,1,1,1,0,0,0,0,1,0,semi-furnished,3.5,961.5384615384615,15.068273526459642,8.199738960630786,Bas,1,Q2
3500000,5900,2,1,1,1,0,0,0,0,1,0,furnished,3.5,593.2203389830509,15.068273526459642,8.68270762989381,Bas,1,Q4
3500000,3120,3,1,2,1,0,0,0,0,1,0,unfurnished,3.5,1121.7948717948718,15.068273526459642,8.045588280803528,Bas,1,Q1
3500000,7350,2,1,1,1,0,0,0,0,1,0,semi-furnished,3.5,476.1904761904762,15.068273526459642,8.902455592206882,Bas,1,Q5
3500000,3512,2,1,1,1,0,0,0,0,1,1,unfurnished,3.5,996.5831435079726,15.068273526459642,8.163940954755008,Bas,2,Q2
3500000,9500,3,1,2,1,0,0,0,0,3,1,unfurnished,3.5,368.42105263157896,15.068273526459642,9.159047077588632,Bas,2,Q5
3500000,5880,2,1,1,1,0,0,0,0,0,0,unfurnished,3.5,595.2380952380952,15.068273526459642,8.679312040892672,Bas,1,Q4
3500000,12944,3,1,1,1,0,0,0,0,0,0,unfurnished,3.5,270.39555006180467,15.068273526459642,9.468387639298273,Bas,1,Q5
3493000,4900,3,1,2,0,0,0,0,0,0,0,unfurnished,3.493,712.8571428571429,15.066271523788968,8.496990484098719,Bas,0,Q3
3465000,3060,3,1,1,1,0,0,0,0,0,0,unfurnished,3.465,1132.3529411764705,15.05822319060614,8.026170194946426,Bas,1,Q1
3465000,5320,2,1,1,1,0,0,0,0,1,1,unfurnished,3.465,651.3157894736842,15.05822319060614,8.57922858233569,Bas,2,Q3
3465000,2145,3,1,3,1,0,0,0,0,0,1,furnished,3.465,1615.3846153846155,15.05822319060614,7.6708948313621175,Bas,2,Q1
3430000,4000,2,1,1,1,0,0,0,0,0,0,unfurnished,3.43,857.5,15.048070819142122,8.294049640102028,Bas,1,Q2
3430000,3185,2,1,1,1,0,0,0,0,2,0,unfurnished,3.43,1076.923076923077,15.048070819142122,8.066207568006265,Bas,1,Q1
3430000,3850,3,1,1,1,0,0,0,0,0,0,unfurnished,3.43,890.9090909090909,15.048070819142122,8.25582842728183,Bas,1,Q2
3430000,2145,3,1,3,1,0,0,0,0,0,1,furnished,3.43,1599.067599067599,15.048070819142122,7.6708948313621175,Bas,2,Q1
3430000,2610,3,1,2,1,0,1,0,0,0,1,unfurnished,3.43,1314.176245210728,15.048070819142122,7.867105500316739,Bas,2,Q1
3430000,1950,3,2,2,1,0,1,0,0,0,1,unfurnished,3.43,1758.974358974359,15.048070819142122,7.575584651557793,Bas,2,Q1
3423000,4040,2,1,1,1,0,0,0,0,0,0,unfurnished,3.423,847.2772277227723,15.046027917512323,8.303999970955196,Bas,1,Q2
3395000,4785,3,1,2,1,1,1,0,1,1,0,furnished,3.395,709.5088819226751,15.037814318974933,8.473241303887054,Bas,3,Q3
3395000,3450,3,1,1,1,0,1,0,0,2,0,unfurnished,3.395,984.0579710144928,15.037814318974933,8.146129510025405,Bas,1,Q1
3395000,3640,2,1,1,1,0,0,0,0,0,0,furnished,3.395,932.6923076923077,15.037814318974933,8.199738960630786,Bas,1,Q2
3360000,3500,4,1,2,1,0,0,0,1,2,0,unfurnished,3.36,960.0,15.027451531939388,8.160518247477505,Bas,2,Q2
3360000,4960,4,1,3,0,0,0,0,0,0,0,semi-furnished,3.36,677.4193548387096,15.027451531939388,8.509161019718974,Bas,0,Q3
3360000,4120,2,1,2,1,0,0,0,0,0,0,unfurnished,3.36,815.5339805825242,15.027451531939388,8.323608442343572,Bas,1,Q3
3360000,4750,2,1,1,1,0,0,0,0,0,0,unfurnished,3.36,707.3684210526316,15.027451531939388,8.465899897028686,Bas,1,Q3
3360000,3720,2,1,1,0,0,0,0,1,0,0,unfurnished,3.36,903.2258064516129,15.027451531939388,8.221478947267192,Bas,1,Q2
3360000,3750,3,1,1,1,0,0,0,0,0,0,unfurnished,3.36,896.0,15.027451531939388,8.229511118964457,Bas,1,Q2
3360000,3100,3,1,2,0,0,1,0,0,0,0,semi-furnished,3.36,1083.8709677419354,15.027451531939388,8.039157390473237,Bas,0,Q1
3360000,3185,2,1,1,1,0,1,0,0,2,0,furnished,3.36,1054.9450549450548,15.027451531939388,8.066207568006265,Bas,1,Q1
3353000,2700,3,1,1,0,0,0,0,0,0,0,furnished,3.353,1241.851851851852,15.025366025448365,7.90100705199242,Bas,0,Q1
3332000,2145,3,1,2,1,0,1,0,0,0,1,furnished,3.332,1553.3799533799533,15.01908328226887,7.6708948313621175,Bas,2,Q1
3325000,4040,2,1,1,1,0,0,0,0,1,0,unfurnished,3.325,823.019801980198,15.016980232072092,8.303999970955196,Bas,1,Q2
3325000,4775,4,1,2,1,0,0,0,0,0,0,unfurnished,3.325,696.3350785340314,15.016980232072092,8.471149252914831,Bas,1,Q3
3290000,2500,2,1,1,0,0,0,0,1,0,0,unfurnished,3.29,1316.0,15.006398122741555,7.824046010856292,Bas,1,Q1
3290000,3180,4,1,2,1,0,1,0,1,0,0,unfurnished,3.29,1034.5911949685535,15.006398122741555,8.064636475774222,Bas,2,Q1
3290000,6060,3,1,1,1,1,1,0,0,0,0,furnished,3.29,542.9042904290429,15.006398122741555,8.70946507906336,Bas,2,Q4
3290000,3480,4,1,2,0,0,0,0,0,1,0,semi-furnished,3.29,945.4022988505748,15.006398122741555,8.15478757276852,Bas,0,Q2
3290000,3792,4,1,2,1,0,0,0,0,0,0,semi-furnished,3.29,867.6160337552743,15.006398122741555,8.240648863374913,Bas,1,Q2
3290000,4040,2,1,1,1,0,0,0,0,0,0,unfurnished,3.29,814.3564356435644,15.006398122741555,8.303999970955196,Bas,1,Q2
3290000,2145,3,1,2,1,0,1,0,0,0,1,furnished,3.29,1533.7995337995337,15.006398122741555,7.6708948313621175,Bas,2,Q1
3290000,5880,3,1,1,1,0,0,0,0,1,0,unfurnished,3.29,559.5238095238095,15.006398122741555,8.679312040892672,Bas,1,Q4
3255000,4500,2,1,1,0,0,0,0,0,0,0,semi-furnished,3.255,723.3333333333334,14.995702833624806,8.411832675758411,Bas,0,Q3
3255000,3930,2,1,1,0,0,0,0,0,0,0,unfurnished,3.255,828.2442748091603,14.995702833624806,8.276394704863307,Bas,0,Q2
3234000,3640,4,1,2,1,0,1,0,0,0,0,unfurnished,3.234,888.4615384615385,14.989230319119189,8.199738960630786,Bas,1,Q2
3220000,4370,3,1,2,1,0,0,0,0,0,0,unfurnished,3.22,736.8421052631579,14.98489191752059,8.382518288089635,Bas,1,Q3
3220000,2684,2,1,1,1,0,0,0,1,1,0,unfurnished,3.22,1199.7019374068554,14.98489191752059,7.895063498091573,Bas,2,Q1
3220000,4320,3,1,1,0,0,0,0,0,1,0,unfurnished,3.22,745.3703703703703,14.98489191752059,8.371010681238156,Bas,0,Q3
3220000,3120,3,1,2,0,0,0,0,0,0,0,furnished,3.22,1032.051282051282,14.98489191752059,8.045588280803528,Bas,0,Q1
3150000,3450,1,1,1,1,0,0,0,0,0,0,furnished,3.15,913.0434782608696,14.962913010801817,8.146129510025405,Bas,1,Q1
3150000,3986,2,2,1,0,1,1,0,0,1,0,unfurnished,3.15,790.2659307576517,14.962913010801817,8.29054350077274,Bas,1,Q2
3150000,3500,2,1,1,0,0,1,0,0,0,0,semi-furnished,3.15,900.0,14.962913010801817,8.160518247477505,Bas,0,Q2
3150000,4095,2,1,1,1,0,0,0,0,2,0,semi-furnished,3.15,769.2307692307693,14.962913010801817,8.31752199628717,Bas,1,Q3
3150000,1650,3,1,2,0,0,1,0,0,0,0,unfurnished,3.15,1909.090909090909,14.962913010801817,7.408530566894626,Bas,0,Q1
3150000,3450,3,1,2,1,0,1,0,0,0,0,semi-furnished,3.15,913.0434782608696,14.962913010801817,8.146129510025405,Bas,1,Q1
3150000,6750,2,1,1,1,0,0,0,0,0,0,semi-furnished,3.15,466.6666666666667,14.962913010801817,8.817297783866575,Bas,1,Q5
3150000,9000,3,1,2,1,0,0,0,0,2,0,semi-furnished,3.15,350.0,14.962913010801817,9.104979856318357,Bas,1,Q5
3150000,3069,2,1,1,1,0,0,0,0,1,0,unfurnished,3.15,1026.392961876833,14.962913010801817,8.029107054619736,Bas,1,Q1
3143000,4500,3,1,2,1,0,0,0,1,0,0,unfurnished,3.143,698.4444444444445,14.960688315779704,8.411832675758411,Bas,2,Q3
3129000,5495,3,1,1,1,0,1,0,0,0,0,unfurnished,3.129,569.4267515923567,14.95622402265102,8.611593866837723,Bas,1,Q4
3118850,2398,3,1,1,1,0,0,0,0,0,1,semi-furnished,3.11885,1300.604670558799,14.952974902096178,7.7823903355874595,Bas,2,Q1
3115000,3000,3,1,1,0,0,0,0,1,0,0,unfurnished,3.115,1038.3333333333333,14.951739710203691,8.006367567650246,Bas,1,Q1
3115000,3850,3,1,2,1,0,0,0,0,0,0,unfurnished,3.115,809.0909090909091,14.951739710203691,8.25582842728183,Bas,1,Q2
3115000,3500,2,1,1,1,0,0,0,0,0,0,unfurnished,3.115,890.0,14.951739710203691,8.160518247477505,Bas,1,Q2
3087000,8100,2,1,1,1,0,0,0,0,1,0,unfurnished,3.087,381.1111111111111,14.942710303484297,8.99961934066053,Bas,1,Q5
3080000,4960,2,1,1,1,0,1,0,1,0,0,unfurnished,3.08,620.9677419354839,14.940440154949757,8.509161019718974,Bas,2,Q3
3080000,2160,3,1,2,0,0,1,0,0,0,0,semi-furnished,3.08,1425.9259259259259,14.940440154949757,7.67786350067821,Bas,0,Q1
3080000,3090,2,1,1,1,1,1,0,0,0,0,unfurnished,3.08,996.7637540453075,14.940440154949757,8.035926369891792,Bas,2,Q1
3080000,4500,2,1,2,1,0,0,1,0,1,0,semi-furnished,3.08,684.4444444444445,14.940440154949757,8.411832675758411,Bas,1,Q3
3045000,3800,2,1,1,1,0,0,0,0,0,0,unfurnished,3.045,801.3157894736842,14.929011459126134,8.242756345714477,Bas,1,Q2
3010000,3090,3,1,2,0,0,0,0,0,0,0,semi-furnished,3.01,974.1100323624595,14.917450636725059,8.035926369891792,Bas,0,Q1
3010000,3240,3,1,2,1,0,0,0,0,2,0,semi-furnished,3.01,929.0123456790124,14.917450636725059,8.083328608786376,Bas,1,Q1
3010000,2835,2,1,1,1,0,0,0,0,0,0,semi-furnished,3.01,1061.7283950617284,14.917450636725059,7.949797216161852,Bas,1,Q1
3010000,4600,2,1,1,1,0,0,0,0,0,0,furnished,3.01,654.3478260869565,14.917450636725059,8.433811582477187,Bas,1,Q3
3010000,5076,3,1,1,0,0,0,0,0,0,0,unfurnished,3.01,592.9866036249015,14.917450636725059,8.532278828834277,Bas,0,Q3
3010000,3750,3,1,2,1,0,0,0,0,0,0,unfurnished,3.01,802.6666666666666,14.917450636725059,8.229511118964457,Bas,1,Q2
3010000,3630,4,1,2,1,0,0,0,0,3,0,semi-furnished,3.01,829.2011019283747,14.917450636725059,8.196987927258897,Bas,1,Q2
3003000,8050,2,1,1,1,0,0,0,0,0,0,unfurnished,3.003,373.04347826086956,14.915122346965468,8.99342737041261,Bas,1,Q5
2975000,4352,4,1,2,0,0,0,0,0,1,0,unfurnished,2.975,683.59375,14.905754596961867,8.378390788535778,Bas,0,Q3
2961000,3000,2,1,2,1,0,0,0,0,0,0,semi-furnished,2.961,987.0,14.901037607083728,8.006367567650246,Bas,1,Q1
2940000,5850,3,1,2,1,0,1,0,0,1,0,unfurnished,2.94,502.56410256410254,14.893920139314865,8.674196940225903,Bas,1,Q4
2940000,4960,2,1,1,1,0,0,0,0,0,0,unfurnished,2.94,592.741935483871,14.893920139314865,8.509161019718974,Bas,1,Q3
2940000,3600,3,1,2,0,0,0,0,0,1,0,unfurnished,2.94,816.6666666666666,14.893920139314865,8.1886891244442,Bas,0,Q2
2940000,3660,4,1,2,0,0,0,0,0,0,0,unfurnished,2.94,803.2786885245902,14.893920139314865,8.205218426395412,Bas,0,Q2
2940000,3480,3,1,2,0,0,0,0,0,1,0,semi-furnished,2.94,844.8275862068965,14.893920139314865,8.15478757276852,Bas,0,Q2
2940000,2700,2,1,1,0,0,0,0,0,0,0,furnished,2.94,1088.888888888889,14.893920139314865,7.90100705199242,Bas,0,Q1
2940000,3150,3,1,2,0,0,0,0,0,0,0,unfurnished,2.94,933.3333333333334,14.893920139314865,8.055157731819678,Bas,0,Q1
2940000,6615,3,1,2,1,0,0,0,0,0,0,semi-furnished,2.94,444.44444444444446,14.893920139314865,8.797095076549056,Bas,1,Q5
2870000,3040,2,1,1,0,0,0,0,0,0,0,unfurnished,2.87,944.078947368421,14.869822587735804,8.019612794400267,Bas,0,Q1
2870000,3630,2,1,1,1,0,0,0,0,0,0,unfurnished,2.87,790.633608815427,14.869822587735804,8.196987927258897,Bas,1,Q2
2870000,6000,2,1,1,1,0,0,0,0,0,0,semi-furnished,2.87,478.3333333333333,14.869822587735804,8.699514748210191,Bas,1,Q4
2870000,5400,4,1,2,1,0,0,0,0,0,0,unfurnished,2.87,531.4814814814815,14.869822587735804,8.594154232552366,Bas,1,Q3
2852500,5200,4,1,3,1,0,0,0,0,0,0,unfurnished,2.8525,548.5576923076923,14.863706360718368,8.556413904569519,Bas,1,Q3
2835000,3300,3,1,2,0,0,0,0,0,1,0,semi-furnished,2.835,859.0909090909091,14.85755249514399,8.101677747454572,Bas,0,Q1
2835000,4350,3,1,2,0,0,0,1,0,1,0,unfurnished,2.835,651.7241379310345,14.85755249514399,8.37793112408273,Bas,0,Q3
2835000,2640,2,1,1,0,0,0,0,0,1,0,furnished,2.835,1073.8636363636363,14.85755249514399,7.878534196140362,Bas,0,Q1
2800000,2650,3,1,2,1,0,1,0,0,1,0,unfurnished,2.8,1056.6037735849056,14.845129975145433,7.882314918980268,Bas,1,Q1
2800000,3960,3,1,1,1,0,0,0,0,0,0,furnished,2.8,707.070707070707,14.845129975145433,8.283999304248526,Bas,1,Q2
2730000,6800,2,1,1,1,0,0,0,0,0,0,unfurnished,2.73,401.47058823529414,14.819812167161142,8.824677891164198,Bas,1,Q5
2730000,4000,3,1,2,1,0,0,0,0,1,0,unfurnished,2.73,682.5,14.819812167161142,8.294049640102028,Bas,1,Q2
2695000,4000,2,1,1,1,0,0,0,0,0,0,unfurnished,2.695,673.75,14.806908762325234,8.294049640102028,Bas,1,Q2
2660000,3934,2,1,1,1,0,0,0,0,0,0,unfurnished,2.66,676.1565836298932,14.793836680757881,8.277411998949004,Bas,1,Q2
2660000,2000,2,1,2,1,0,0,0,0,0,0,semi-furnished,2.66,1330.0,14.793836680757881,7.600902459542082,Bas,1,Q1
2660000,3630,3,3,2,0,1,0,0,0,0,0,unfurnished,2.66,732.7823691460055,14.793836680757881,8.196987927258897,Bas,1,Q2
2660000,2800,3,1,1,1,0,0,0,0,0,0,unfurnished,2.66,950.0,14.793836680757881,7.937374696163295,Bas,1,Q1
2660000,2430,3,1,1,0,0,0,0,0,0,0,unfurnished,2.66,1094.6502057613168,14.793836680757881,7.795646536334594,Bas,0,Q1
2660000,3480,2,1,1,1,0,0,0,0,1,0,semi-furnished,2.66,764.3678160919541,14.793836680757881,8.15478757276852,Bas,1,Q2
2660000,4000,3,1,1,1,0,0,0,0,0,0,semi-furnished,2.66,665.0,14.793836680757881,8.294049640102028,Bas,1,Q2
2653000,3185,2,1,1,1,0,0,0,1,0,0,unfurnished,2.653,832.967032967033,14.791201633119877,8.066207568006265,Bas,2,Q1
2653000,4000,3,1,2,1,0,0,0,1,0,0,unfurnished,2.653,663.25,14.791201633119877,8.294049640102028,Bas,2,Q2
2604000,2910,2,1,1,0,0,0,0,0,0,0,unfurnished,2.604,894.8453608247422,14.772559282310597,7.975908360165538,Bas,0,Q1
2590000,3600,2,1,1,1,0,0,0,0,0,0,unfurnished,2.59,719.4444444444445,14.767168433675721,8.1886891244442,Bas,1,Q2
2590000,4400,2,1,1,1,0,0,0,0,0,0,unfurnished,2.59,588.6363636363636,14.767168433675721,8.389359819906353,Bas,1,Q3
2590000,3600,2,2,2,1,0,1,0,0,1,0,furnished,2.59,719.4444444444445,14.767168433675721,8.1886891244442,Bas,1,Q2
2520000,2880,3,1,1,0,0,0,0,0,0,0,unfurnished,2.52,875.0,14.739769459487606,7.965545573129992,Bas,0,Q1
2520000,3180,3,1,1,0,0,0,0,0,0,0,unfurnished,2.52,792.4528301886793,14.739769459487606,8.064636475774222,Bas,0,Q1
2520000,3000,2,1,2,1,0,0,0,0,0,0,furnished,2.52,840.0,14.739769459487606,8.006367567650246,Bas,1,Q1
2485000,4400,3,1,2,1,0,0,0,0,0,0,unfurnished,2.485,564.7727272727273,14.725783217512866,8.389359819906353,Bas,1,Q3
2485000,3000,3,1,2,0,0,0,0,0,0,0,semi-furnished,2.485,828.3333333333334,14.725783217512866,8.006367567650246,Bas,0,Q1
2450000,3210,3,1,2,1,0,1,0,0,0,0,unfurnished,2.45,763.2398753894081,14.71159858252091,8.07402621612406,Bas,1,Q1
2450000,3240,2,1,1,0,1,0,0,0,1,0,unfurnished,2.45,756.1728395061729,14.71159858252091,8.083328608786376,Bas,1,Q1
2450000,3000,2,1,1,1,0,0,0,0,1,0,unfurnished,2.45,816.6666666666666,14.71159858252091,8.006367567650246,Bas,1,Q1
2450000,3500,2,1,1,1,1,0,0,0,0,0,unfurnished,2.45,700.0,14.71159858252091,8.160518247477505,Bas,2,Q2
2450000,4840,2,1,2,1,0,0,0,0,0,0,unfurnished,2.45,506.198347107438,14.71159858252091,8.484669999710677,Bas,1,Q3
2450000,7700,2,1,1,1,0,0,0,0,0,0,unfurnished,2.45,318.1818181818182,14.71159858252091,8.948975607841776,Bas,1,Q5
2408000,3635,2,1,1,0,0,0,0,0,0,0,unfurnished,2.408,662.4484181568088,14.694307085410848,8.19836438996762,Bas,0,Q2
2380000,2475,3,1,2,1,0,0,0,0,0,0,furnished,2.38,961.6161616161617,14.682611045647658,7.813995675002791,Bas,1,Q1
2380000,2787,4,2,2,1,0,0,0,0,0,0,furnished,2.38,853.9648367420165,14.682611045647658,7.932721027481948,Bas,1,Q1
2380000,3264,2,1,1,1,0,0,0,0,0,0,unfurnished,2.38,729.1666666666666,14.682611045647658,8.090708716083997,Bas,1,Q1
2345000,3640,2,1,1,1,0,0,0,0,0,0,unfurnished,2.345,644.2307692307693,14.667795959862516,8.199738960630786,Bas,1,Q2
2310000,3180,2,1,1,1,0,0,0,0,0,0,unfurnished,2.31,726.4150943396227,14.652758082497977,8.064636475774222,Bas,1,Q1
2275000,1836,2,1,1,0,0,1,0,0,0,0,semi-furnished,2.275,1239.1067538126363,14.637490610367188,7.515344571180436,Bas,0,Q1
2275000,3970,1,1,1,0,0,0,0,0,0,0,unfurnished,2.275,573.0478589420655,14.637490610367188,8.286521373681236,Bas,0,Q2
2275000,3970,3,1,2,1,0,1,0,0,0,0,unfurnished,2.275,573.0478589420655,14.637490610367188,8.286521373681236,Bas,1,Q2
2240000,1950,3,1,1,0,0,0,1,0,0,0,unfurnished,2.24,1148.7179487179487,14.621986423831222,7.575584651557793,Bas,0,Q1
2233000,5300,3,1,1,0,0,0,0,1,0,1,unfurnished,2.233,421.3207547169811,14.618856530822296,8.575462099540212,Bas,2,Q3
2135000,3000,2,1,1,0,0,0,0,0,0,0,unfurnished,2.135,711.6666666666666,14.573977204644862,8.006367567650246,Bas,0,Q1
2100000,2400,3,1,2,1,0,0,0,0,0,0,unfurnished,2.1,875.0,14.557447902693651,7.783224016336037,Bas,1,Q1
2100000,3000,4,1,2,1,0,0,0,0,0,0,unfurnished,2.1,700.0,14.557447902693651,8.006367567650246,Bas,1,Q1
2100000,3360,2,1,1,1,0,0,0,0,1,0,unfurnished,2.1,625.0,14.557447902693651,8.11969625295725,Bas,1,Q1
1960000,3420,5,1,2,0,0,0,0,0,0,0,unfurnished,1.96,573.0994152046784,14.4884550312067,8.13739583005665,Bas,0,Q1
1890000,1700,3,1,2,1,0,0,0,0,0,0,unfurnished,1.89,1111.764705882353,14.452087387035824,7.438383530044307,Bas,1,Q1
1890000,3649,2,1,1,1,0,0,0,0,0,0,unfurnished,1.89,517.9501233214579,14.452087387035824,8.202208436436448,Bas,1,Q2
1855000,2990,2,1,1,0,0,0,0,0,1,0,unfurnished,1.855,620.4013377926422,14.433395254023672,8.003028666384733,Bas,0,Q1
1820000,3000,2,1,1,1,0,1,0,0,2,0,unfurnished,1.82,606.6666666666666,14.414347059052979,8.006367567650246,Bas,1,Q1
1767150,2400,3,1,1,0,0,0,0,0,0,0,semi-furnished,1.76715,736.3125,14.384878637342375,7.783224016336037,Bas,0,Q1
1750000,3620,2,1,1,1,0,0,0,0,0,0,unfurnished,1.75,483.42541436464086,14.375126345899696,8.194229304819817,Bas,1,Q2
1750000,2910,3,1,1,0,0,0,0,0,0,0,furnished,1.75,601.3745704467354,14.375126345899696,7.975908360165538,Bas,0,Q1
1750000,3850,3,1,2,1,0,0,0,0,0,0,unfurnished,1.75,454.54545454545456,14.375126345899696,8.25582842728183,Bas,1,Q2
